"Model","beta","coef","AIC","RMSE","likeli"
"Australia","F",90,9794.97207045072,1.06315119342669,-4806.48603522536
"Australia","T",372,9981.6195248059,0.995935868957269,-4617.80976240295
"Spain","F",93,17136.1142096148,1.46492866178504,-8474.05710480741
"Spain","T",313,16796.0499148998,1.13946236961969,-8084.02495744992
